{"type":"Scene","props":{"width":275,"runtime":"render-proce/anilist/AniListPanel.ts","height":900},"compId":2,"child":[{"type":"Panel","props":{"y":1,"x":0,"width":275,"var":"listpanel","height":900,"bgColor":"#252526"},"compId":3,"child":[{"type":"Panel","props":{"y":0,"x":5,"right":0,"left":0,"height":30,"bgColor":"#2b2b2b"},"compId":4,"child":[{"type":"Button","props":{"y":2,"width":75,"var":"btnDelAll","stateNum":3,"skin":"comp/button.png","right":10,"labelFont":"Microsoft YaHei","labelColors":"#c1c1c1","label":"一键清除","height":24,"sizeGrid":"5,5,5,5"},"compId":5}]},{"type":"List","props":{"y":32,"x":5,"width":265,"var":"aniList","height":607},"compId":6,"child":[{"type":"Box","props":{"y":0,"x":5,"width":255,"runtime":"render-proce/anilist/AniListRender.ts","renderType":"render","height":30},"compId":7,"child":[{"type":"Image","props":{"y":0,"x":0,"width":255,"visible":false,"skin":"comp/img_select.jpg","name":"imgSelect","height":28,"sizeGrid":"2,2,2,2"},"compId":8},{"type":"Image","props":{"y":0,"x":0,"width":255,"visible":false,"skin":"comp/img_on.jpg","name":"imgOn","height":28,"sizeGrid":"2,2,2,2"},"compId":9},{"type":"Button","props":{"y":9,"x":186,"width":11,"var":"btnAniDel","stateNum":2,"skin":"comp/btn_del.png","name":"btnAniDel","height":14},"compId":10},{"type":"CheckBox","props":{"y":8,"x":10,"width":12,"stateNum":3,"skin":"comp/checkbox.png","name":"checkBox","height":12,"sizeGrid":"9,9,9,9"},"compId":11},{"type":"CheckBox","props":{"y":8,"width":28,"stateNum":2,"skin":"comp/btn_lock.png","selected":true,"scaleY":0.6,"scaleX":0.6,"right":8,"name":"btnAniLock","height":26},"compId":12},{"type":"CheckBox","props":{"y":7,"width":36,"stateNum":2,"skin":"comp/btn_scale.png","scaleY":0.5,"scaleX":0.5,"right":33,"name":"btnAniScale","height":34},"compId":13},{"type":"Label","props":{"y":8,"x":31,"valign":"middle","text":"文件名","name":"lblName","fontSize":14,"color":"#c3c3c3","align":"center"},"compId":14}]}]},{"type":"Panel","props":{"x":0,"width":275,"height":30,"bottom":218,"bgColor":"#2b2b2b"},"compId":15,"child":[{"type":"CheckBox","props":{"y":9,"var":"chkDefaultFrame","skin":"comp/checkbox.png","right":10,"labelSize":14,"labelPadding":"0.5","labelFont":"Microsoft YaHei","labelColors":"#c3c3c3","label":"默认帧数","height":25,"sizeGrid":"9,9,9,9"},"compId":16},{"type":"Label","props":{"y":2,"x":5,"width":40,"valign":"middle","text":"预览","height":30,"fontSize":14,"font":"Microsoft YaHei","color":"#cccccc","align":"center"},"compId":17},{"type":"Button","props":{"y":7,"x":0,"width":11,"var":"btnShowPlay","stateNum":2,"skin":"comp/btn_play.png","right":105,"height":16},"compId":18},{"type":"Button","props":{"y":7,"x":0,"width":11,"var":"btnShowStop","stateNum":3,"skin":"comp/btn_stop.png","right":105,"height":16},"compId":19}]},{"type":"Panel","props":{"x":0,"width":275,"var":"showpanel","height":218,"bottom":0},"compId":20,"child":[{"type":"Image","props":{"y":0,"x":0,"var":"showImg"},"compId":21},{"type":"Button","props":{"width":44,"var":"btnZoomIn","stateNum":2,"skin":"comp/zoom_in.png","scaleY":0.6,"scaleX":0.6,"right":24,"height":40,"bottom":0},"compId":22},{"type":"Button","props":{"width":44,"var":"btnZoomOut","stateNum":2,"skin":"comp/zoom_out.png","scaleY":0.6,"scaleX":0.6,"right":0,"height":40,"bottom":0},"compId":23}]}]}],"loadList":["comp/button.png","comp/img_select.jpg","comp/img_on.jpg","comp/btn_del.png","comp/checkbox.png","comp/btn_lock.png","comp/btn_scale.png","comp/btn_play.png","comp/btn_stop.png","comp/zoom_in.png","comp/zoom_out.png"],"loadList3D":[]}