{"type":"Scene","props":{"width":265,"runtime":"render-proce/attr/AttrPanel.ts","height":900},"compId":2,"child":[{"type":"Panel","props":{"y":0,"x":0,"width":265,"var":"attrpanel","top":0,"right":0,"bottom":0,"bgColor":"#252526"},"compId":3,"child":[{"type":"Panel","props":{"y":13,"x":8,"width":259,"var":"bgattrpanel","height":94},"compId":4,"child":[{"type":"Button","props":{"y":62,"x":10,"width":32,"var":"btnBG","stateNum":2,"skin":"comp/btn_folder.png","scaleY":0.6,"scaleX":0.6,"height":32},"compId":5},{"type":"CheckBox","props":{"y":3,"x":221,"width":28,"var":"bgLock","stateNum":2,"skin":"comp/btn_lock.png","selected":false,"scaleY":0.6,"scaleX":0.6,"labelSize":12,"labelPadding":"2","labelFont":"Microsoft YaHei","labelColors":"#cccccc","height":26},"compId":6},{"type":"Button","props":{"y":2,"x":175,"width":44,"var":"bgReset","stateNum":2,"skin":"comp/btn_reset.png","scaleY":0.48,"scaleX":0.48,"height":40},"compId":7},{"type":"Button","props":{"y":4,"x":200,"width":26,"var":"bgSave","stateNum":2,"skin":"comp/btn_save.png","scaleY":0.5,"scaleX":0.5,"height":28},"compId":8},{"type":"Image","props":{"y":6,"x":5,"width":14,"skin":"comp/arrow_right.png","scaleY":0.6,"scaleX":0.6,"height":18},"compId":9},{"type":"Text","props":{"y":6,"x":18,"text":"背景","fontSize":14,"font":"Microsoft YaHei","color":"#cccccc","runtime":"laya.display.Text"},"compId":10},{"type":"Text","props":{"y":32,"x":16,"width":18,"text":"x","height":18,"fontSize":12,"font":"Microsoft YaHei","color":"#cccccc","runtime":"laya.display.Text"},"compId":11},{"type":"Text","props":{"y":32,"x":136,"width":18,"text":"y","height":18,"fontSize":12,"font":"Microsoft YaHei","color":"#cccccc","runtime":"laya.display.Text"},"compId":12},{"type":"TextInput","props":{"y":28,"x":31,"width":85,"var":"bgX","text":"20","height":20,"color":"#cccccc","bgColor":"#1f1f1f"},"compId":13},{"type":"TextInput","props":{"y":28,"x":151,"width":85,"var":"bgY","text":"-30","height":20,"color":"#cccccc","bgColor":"#1f1f1f"},"compId":14},{"type":"TextInput","props":{"y":60,"x":31,"width":205,"var":"txtBGUrl","valign":"middle","text":"scene.jpg","padding":"3","leading":0,"height":22,"editable":false,"color":"#cccccc","bgColor":"#1f1f1f","align":"left"},"compId":15}]},{"type":"Panel","props":{"y":114,"x":8,"width":259,"var":"coordinatepanel","height":110},"compId":16,"child":[{"type":"Button","props":{"y":2,"x":197,"width":44,"var":"coordReset","stateNum":2,"skin":"comp/btn_reset.png","scaleY":0.5,"scaleX":0.5,"height":40},"compId":17},{"type":"Button","props":{"y":5,"x":222,"width":26,"var":"coordSave","stateNum":2,"skin":"comp/btn_save.png","scaleY":0.5,"scaleX":0.5,"height":28},"compId":18},{"type":"Image","props":{"y":6,"x":5,"width":14,"skin":"comp/arrow_right.png","scaleY":0.6,"scaleX":0.6,"height":18},"compId":19},{"type":"Button","props":{"y":77,"x":31,"width":80,"var":"btCurAniCoordReset","skin":"comp/button.png","labelSize":12,"labelFont":"Microsoft YaHei","labelColors":"#c1c1c1","label":"当前","height":24,"sizeGrid":"5,5,5,5"},"compId":20},{"type":"Button","props":{"y":77,"x":151,"width":80,"var":"btAllAniCoordReset","skin":"comp/button.png","labelSize":12,"labelFont":"Microsoft YaHei","labelColors":"#c1c1c1","label":"全部","height":24,"sizeGrid":"5,5,5,5"},"compId":21},{"type":"Text","props":{"y":5.5,"x":18,"text":"坐标系","fontSize":14,"font":"Microsoft YaHei","color":"#cccccc","runtime":"laya.display.Text"},"compId":22},{"type":"Text","props":{"y":32,"x":16,"width":18,"text":"x","height":18,"fontSize":12,"font":"Microsoft YaHei","color":"#cccccc","runtime":"laya.display.Text"},"compId":23},{"type":"Text","props":{"y":32,"x":136,"width":18,"text":"y","height":18,"fontSize":12,"font":"Microsoft YaHei","color":"#cccccc","runtime":"laya.display.Text"},"compId":24},{"type":"Text","props":{"y":52,"x":30,"width":131,"valign":"middle","text":"同步坐标系的动画","height":22,"fontSize":12,"font":"Microsoft YaHei","color":"#cccccc","runtime":"laya.display.Text"},"compId":25},{"type":"TextInput","props":{"y":28,"x":31,"width":85,"var":"txtCoordinateX","text":"430","height":20,"color":"#cccccc","bgColor":"#1f1f1f"},"compId":26},{"type":"TextInput","props":{"y":28,"x":151,"width":85,"var":"txtCoordinateY","text":"515","height":20,"color":"#cccccc","bgColor":"#1f1f1f"},"compId":27}]},{"type":"Image","props":{"y":223,"x":5,"width":255,"skin":"comp/line3.png","name":"line1","height":1,"sizeGrid":"0,2,0,2"},"compId":28},{"type":"Panel","props":{"y":231,"x":8,"width":259,"name":"pospanel","height":86},"compId":29,"child":[{"type":"Button","props":{"y":6,"x":193,"width":15,"var":"btnUp","stateNum":2,"skin":"comp/btn_back.png","scaleY":0.8,"scaleX":0.8,"rotation":90,"pivotY":0,"pivotX":0,"height":16},"compId":30},{"type":"Button","props":{"y":6,"x":174,"width":15,"var":"btnDown","stateNum":2,"skin":"comp/btn_forward.png","scaleY":0.8,"scaleX":0.8,"rotation":90,"height":16},"compId":31},{"type":"Image","props":{"y":6,"x":5,"width":14,"skin":"comp/arrow_right.png","scaleY":0.6,"scaleX":0.6,"height":18},"compId":32},{"type":"Button","props":{"y":2,"x":197,"width":44,"var":"btnOffsetReset","stateNum":2,"skin":"comp/btn_reset.png","scaleY":0.5,"scaleX":0.5,"height":40},"compId":33},{"type":"Button","props":{"y":53,"x":80,"width":40,"var":"xReset","stateNum":3,"skin":"comp/button.png","scaleY":1,"scaleX":1,"labelSize":12,"labelFont":"Microsoft YaHei","labelColors":"#c1c1c1","label":"对齐","height":23,"sizeGrid":"5,5,5,5"},"compId":34},{"type":"Button","props":{"y":53,"x":200,"width":40,"var":"yReset","stateNum":3,"skin":"comp/button.png","scaleY":1,"scaleX":1,"labelSize":12,"labelFont":"Microsoft YaHei","labelColors":"#c1c1c1","label":"对齐","height":24,"sizeGrid":"5,5,5,5"},"compId":35},{"type":"Button","props":{"y":5,"x":222,"width":26,"var":"btnOffsetSave","stateNum":2,"skin":"comp/btn_save.png","scaleY":0.5,"scaleX":0.5,"height":28},"compId":36},{"type":"CheckBox","props":{"y":31,"x":16,"width":70,"var":"chkFrameMv","skin":"comp/checkbox.png","selected":true,"labelSize":12,"labelPadding":"1","labelFont":"Microsoft YaHei","labelColors":"#cccccc,#ff0000,#32cc6b","label":"单帧移动","height":19,"sizeGrid":"9,9,9,9"},"compId":37},{"type":"Text","props":{"y":6,"x":18,"text":"位置","fontSize":14,"font":"Microsoft YaHei","color":"#cccccc","bold":false,"runtime":"laya.display.Text"},"compId":38},{"type":"Text","props":{"y":59,"x":16,"width":18,"text":"x","height":18,"fontSize":12,"font":"Microsoft YaHei","color":"#cccccc","runtime":"laya.display.Text"},"compId":39},{"type":"Text","props":{"y":59,"x":136,"width":18,"text":"y","height":18,"fontSize":12,"font":"Microsoft YaHei","color":"#cccccc","runtime":"laya.display.Text"},"compId":40},{"type":"TextInput","props":{"y":55,"x":31,"width":45,"var":"txtFramex","text":"0","height":20,"color":"#cccccc","bgColor":"#1f1f1f"},"compId":41},{"type":"TextInput","props":{"y":55,"x":151,"width":45,"var":"txtFramey","text":"0","height":20,"color":"#cccccc","bgColor":"#1f1f1f"},"compId":42}]},{"type":"Image","props":{"y":320,"x":5,"width":255,"skin":"comp/line3.png","name":"line2","height":1,"sizeGrid":"0,2,0,2"},"compId":43},{"type":"Panel","props":{"y":328,"x":8,"width":259,"var":"effectpanel","height":181},"compId":44,"child":[{"type":"Image","props":{"y":6,"x":5,"width":14,"skin":"comp/arrow_right.png","scaleY":0.6,"scaleX":0.6,"height":18},"compId":45},{"type":"CheckBox","props":{"y":31,"x":16,"var":"chkEffect","skin":"comp/checkbox.png","labelSize":12,"labelPadding":"1","labelFont":"Microsoft YaHei","labelColors":"#cccccc,#ff0000,#32cc6b","label":"Effect帧","sizeGrid":"9,9,9,9"},"compId":46},{"type":"CheckBox","props":{"y":30,"x":145,"var":"chkHit","skin":"comp/checkbox.png","labelSize":12,"labelPadding":"1","labelFont":"Microsoft YaHei","labelColors":"#cccccc,#ff0000,#32cc6b","label":"Hit帧","sizeGrid":"9,9,9,9"},"compId":47},{"type":"RadioGroup","props":{"y":82,"x":15,"var":"grpHit","space":12,"skin":"comp/radio.png","selectedIndex":0,"labels":"无效果,击飞,浮空,击退","labelSize":12,"labelPadding":"2","labelFont":"Microsoft YaHei","labelColors":"#cccccc,#ff0000,#32cc6b"},"compId":48},{"type":"Text","props":{"y":5,"x":18,"text":"常用效果","fontSize":14,"font":"Microsoft YaHei","color":"#cccccc","bold":false,"runtime":"laya.display.Text"},"compId":49},{"type":"ComboBox","props":{"y":49,"x":16,"width":95,"var":"cbbEffect","skin":"comp/combobox.png","selectedIndex":0,"labels":"绑定特效","labelSize":12,"labelPadding":"1,0,0,5","labelFont":"Microsoft YaHei","labelColors":"#000000","height":20,"sizeGrid":"1,18,14,4"},"compId":50},{"type":"ComboBox","props":{"y":48,"x":145,"width":95,"var":"cbbHit","skin":"comp/combobox.png","selectedIndex":0,"labels":"绑定特效","labelSize":12,"labelPadding":"1,0,0,5","labelFont":"Microsoft YaHei","labelColors":"#000000","height":20,"sizeGrid":"1,18,14,4"},"compId":51},{"type":"RadioGroup","props":{"y":131,"x":15,"var":"grpLayer","space":20,"skin":"comp/radio.png","selectedIndex":0,"labels":"人物上层,人物下层","labelSize":12,"labelPadding":"2","labelFont":"Microsoft YaHei","labelColors":"#cccccc,#ff0000,#32cc6b","direction":"horizontal"},"compId":52},{"type":"ComboBox","props":{"y":151,"x":16,"width":95,"skin":"comp/combobox.png","selectedIndex":0,"labels":"绑定模型","labelSize":12,"labelPadding":"1,0,0,5","labelFont":"Microsoft YaHei","labelColors":"#000000","height":20,"sizeGrid":"1,18,14,4"},"compId":53},{"type":"Text","props":{"y":109,"x":18,"text":"层级关系","fontSize":14,"font":"Microsoft YaHei","color":"#cccccc","bold":false,"runtime":"laya.display.Text"},"compId":54},{"type":"Button","props":{"y":4,"x":222,"width":26,"var":"btnEffSave","stateNum":2,"skin":"comp/btn_save.png","scaleY":0.5,"scaleX":0.5,"height":28},"compId":55},{"type":"Button","props":{"y":1,"x":197,"width":44,"var":"btnEffReset","stateNum":2,"skin":"comp/btn_reset.png","scaleY":0.5,"scaleX":0.5,"height":40},"compId":56},{"type":"Image","props":{"y":108,"x":5,"width":14,"skin":"comp/arrow_right.png","scaleY":0.6,"scaleX":0.6,"height":18},"compId":57}]},{"type":"Image","props":{"y":512,"x":5,"width":255,"skin":"comp/line3.png","name":"line2","height":1,"sizeGrid":"0,2,0,2"},"compId":58},{"type":"Panel","props":{"y":582,"x":8,"width":259,"var":"outpanel","height":91},"compId":59,"child":[{"type":"Image","props":{"y":7,"x":5,"width":14,"skin":"comp/arrow_right.png","scaleY":0.6,"scaleX":0.6,"height":18},"compId":60},{"type":"Button","props":{"y":55,"x":20,"width":65,"var":"btnAtlas","skin":"comp/button.png","labelSize":12,"labelFont":"Microsoft YaHei","labelColors":"#c1c1c1","label":"图集","height":24,"sizeGrid":"5,5,5,5"},"compId":61},{"type":"Button","props":{"y":55,"x":102,"width":65,"var":"btnAE","skin":"comp/button.png","labelSize":12,"labelFont":"Microsoft YaHei","labelColors":"#c1c1c1","label":"AE","height":24,"sizeGrid":"5,5,5,5"},"compId":62},{"type":"Button","props":{"y":55,"x":184,"width":65,"var":"btnConf","skin":"comp/button.png","labelSize":12,"labelFont":"Microsoft YaHei","labelColors":"#c1c1c1","label":"配置","height":24,"sizeGrid":"5,5,5,5"},"compId":63},{"type":"Text","props":{"y":32,"x":16,"text":"当前动画：","fontSize":12,"font":"Microsoft YaHei","color":"#cccccc","bold":false,"runtime":"laya.display.Text"},"compId":64},{"type":"Text","props":{"y":7,"x":18,"text":"导出","fontSize":14,"font":"Microsoft YaHei","color":"#cccccc","bold":false,"runtime":"laya.display.Text"},"compId":65},{"type":"Text","props":{"y":31,"x":75,"var":"txtCurAni","fontSize":14,"font":"Microsoft YaHei","color":"#ff8247","bold":true,"runtime":"laya.display.Text"},"compId":66}]},{"type":"Panel","props":{"y":523,"x":8,"width":259,"var":"inpanel","height":59},"compId":67,"child":[{"type":"Image","props":{"y":7,"x":5,"width":14,"skin":"comp/arrow_right.png","scaleY":0.6,"scaleX":0.6,"height":18},"compId":68},{"type":"ComboBox","props":{"y":27,"x":71,"width":105,"var":"cbbConf","skin":"comp/combobox.png","selectedIndex":0,"labels":"不使用配置","labelSize":12,"labelPadding":"1,0,0,5","labelFont":"Microsoft YaHei","labelColors":"#000000","height":20,"sizeGrid":"1,18,14,4"},"compId":69},{"type":"Button","props":{"y":25,"x":184,"width":65,"var":"btnOther","skin":"comp/button.png","labelSize":12,"labelFont":"Microsoft YaHei","labelColors":"#c1c1c1","label":"其他","height":24,"sizeGrid":"5,5,5,5"},"compId":70},{"type":"Text","props":{"y":32,"x":16,"text":"通用配置","fontSize":12,"font":"Microsoft YaHei","color":"#cccccc","bold":false,"runtime":"laya.display.Text"},"compId":71},{"type":"Text","props":{"y":7,"x":18,"text":"导入","fontSize":14,"font":"Microsoft YaHei","color":"#cccccc","bold":false,"runtime":"laya.display.Text"},"compId":72},{"type":"Text","props":{"y":31,"x":75,"fontSize":14,"font":"Microsoft YaHei","color":"#ff8247","bold":true,"runtime":"laya.display.Text"},"compId":73}]}]}],"loadList":["comp/btn_folder.png","comp/btn_lock.png","comp/btn_reset.png","comp/btn_save.png","comp/arrow_right.png","scene.jpg","comp/button.png","comp/line3.png","comp/btn_back.png","comp/btn_forward.png","comp/checkbox.png","comp/radio.png","comp/combobox.png"],"loadList3D":[]}