{"type":"Scene","props":{"y":0,"x":0,"width":860,"runtime":"render-proce/frame/FramePanel.ts","height":310},"compId":2,"child":[{"type":"Panel","props":{"y":0,"x":0,"width":860,"var":"framepanel","left":0,"height":310,"bgColor":"#1e1e1e"},"compId":3,"child":[{"type":"Panel","props":{"y":0,"var":"frameMenu","right":0,"left":0,"height":30,"bgColor":"#2b2b2b"},"compId":4,"child":[{"type":"ComboBox","props":{"y":7,"x":102,"width":30,"visibleNum":10,"var":"cbBlank","skin":"comp/combobox.png","selectedIndex":0,"labels":"0,1,2,3,4,5,6,7,8,9","labelSize":12,"labelPadding":"1,0,0,5","labelFont":"Microsoft YaHei","labelColors":"#000000","height":20,"sizeGrid":"1,18,14,4"},"compId":5},{"type":"Button","props":{"y":5,"x":137,"width":75,"var":"btnBlank","stateNum":3,"skin":"comp/button.png","labelFont":"Microsoft YaHei","labelColors":"#c1c1c1","label":"插入空白帧","height":24,"sizeGrid":"5,5,5,5"},"compId":6},{"type":"ComboBox","props":{"y":7,"x":231,"width":30,"visibleNum":10,"var":"cbCopy","skin":"comp/combobox.png","selectedIndex":0,"labels":"1,2,3,4,5,6,7,8,9,10","labelSize":12,"labelPadding":"1,0,0,5","labelFont":"Microsoft YaHei","labelColors":"#000000","height":20,"sizeGrid":"1,18,14,4"},"compId":7},{"type":"Button","props":{"y":4,"x":266,"width":75,"var":"btnCopy","stateNum":3,"skin":"comp/button.png","labelFont":"Microsoft YaHei","labelColors":"#c1c1c1","label":"复制前一帧","height":24,"sizeGrid":"5,5,5,5"},"compId":8},{"type":"Button","props":{"y":4,"x":350,"width":75,"var":"btnInsert","stateNum":3,"skin":"comp/button.png","labelFont":"Microsoft YaHei","labelColors":"#c1c1c1","label":"插入关键帧","height":24,"sizeGrid":"5,5,5,5"},"compId":9},{"type":"Button","props":{"y":7,"width":11,"var":"btnPlay","stateNum":2,"skin":"comp/btn_play.png","right":105,"height":16},"compId":10},{"type":"Button","props":{"y":7,"width":11,"var":"btnStop","stateNum":3,"skin":"comp/btn_stop.png","right":105,"height":16},"compId":11},{"type":"CheckBox","props":{"y":9,"x":436,"width":93,"var":"chkselect","skin":"comp/checkbox.png","selected":true,"labelSize":12,"labelPadding":"1","labelFont":"Microsoft YaHei","labelColors":"#cccccc,#ff0000,#32cc6b","label":"选中显示发光","height":19,"sizeGrid":"9,9,9,9"},"compId":12},{"type":"Button","props":{"y":5,"width":44,"var":"btnFrameReset","stateNum":2,"skin":"comp/btn_reset.png","scaleY":0.48,"scaleX":0.48,"right":26,"height":40},"compId":13},{"type":"Button","props":{"y":7,"width":26,"var":"btnFrameSave","stateNum":2,"skin":"comp/btn_save.png","scaleY":0.5,"scaleX":0.5,"right":10,"height":28},"compId":14}]},{"type":"Label","props":{"y":34,"x":1,"width":100,"valign":"middle","text":"动画名","height":18,"fontSize":12,"font":"Microsoft YaHei","color":"#cccccc","align":"center"},"compId":15},{"type":"Image","props":{"y":55,"skin":"comp/line3.png","right":1,"left":1,"sizeGrid":"0,2,0,2"},"compId":30},{"type":"Image","props":{"y":32,"x":100,"width":1,"skin":"comp/line4.png","height":275},"compId":31},{"type":"List","props":{"y":59,"x":0,"width":100,"var":"listAniName","spaceY":2,"selectEnable":true,"height":248},"compId":36,"child":[{"type":"Box","props":{"y":0,"x":0,"runtime":"render-proce/frame/ActAniNameRender.ts","renderType":"render","height":25},"compId":37,"child":[{"type":"Image","props":{"y":0,"x":0,"width":100,"skin":"comp/img_on.jpg","name":"imgOn","height":25,"sizeGrid":"2,2,2,2"},"compId":48},{"type":"Image","props":{"y":0,"x":0,"width":100,"skin":"comp/img_select.jpg","name":"imgSelect","height":25,"sizeGrid":"2,2,2,2"},"compId":22},{"type":"Label","props":{"y":6,"x":1,"width":100,"valign":"middle","text":"动画名","name":"txtAniName","height":16,"fontSize":12,"font":"Microsoft YaHei","color":"#cccccc","align":"center"},"compId":40}]}]}]},{"type":"Panel","props":{"y":35,"x":105,"width":755,"var":"frameListPanel","height":277,"hScrollBarSkin":"comp/hscroll.png"},"compId":35,"child":[{"type":"List","props":{"y":0,"x":0,"width":2000,"var":"listgradua","spaceX":2,"height":18},"compId":16,"child":[{"type":"Box","props":{"y":0,"x":0,"width":18,"renderType":"render","height":18},"compId":17,"child":[{"type":"Label","props":{"y":0,"x":0,"width":16,"var":"lblGradua","valign":"middle","text":"12","name":"lblGradua","height":18,"fontSize":12,"font":"Microsoft YaHei","color":"#cccccc","align":"center"},"compId":18}]}]},{"type":"List","props":{"y":24,"x":0,"width":2000,"var":"listActAni","spaceY":2,"selectEnable":true,"height":245},"compId":19,"child":[{"type":"Box","props":{"y":0,"x":0,"runtime":"render-proce/frame/ActFrameListRender.ts","renderType":"render","height":25},"compId":20,"child":[{"type":"Image","props":{"y":24,"width":2000,"skin":"comp/line2.png","sizeGrid":"0,2,0,2"},"compId":21},{"type":"List","props":{"y":0,"x":0,"width":2000,"var":"listFrame","spaceX":2,"selectEnable":true,"name":"listFrame","height":25},"compId":24,"child":[{"type":"Box","props":{"y":0,"x":0,"width":18,"runtime":"render-proce/frame/ActFrameRender.ts","renderType":"render","height":25},"compId":25,"child":[{"type":"Image","props":{"y":0,"x":0,"width":18,"skin":"comp/frame_bg.png","height":25,"sizeGrid":"4,4,4,4"},"compId":26},{"type":"Image","props":{"y":0,"x":0,"width":18,"skin":"comp/ani_hit.png","name":"frameHit","height":25,"sizeGrid":"4,4,4,4"},"compId":27},{"type":"Image","props":{"y":0,"x":0,"width":18,"skin":"comp/ani_effect.png","name":"frameEff","height":25,"sizeGrid":"4,4,4,4"},"compId":28},{"type":"Image","props":{"y":0,"x":0,"width":18,"skin":"comp/ani_layout.png","name":"frameLayer","height":25,"sizeGrid":"2,2,2,2"},"compId":47},{"type":"Label","props":{"y":6,"x":0,"width":16,"var":"txtFrame","valign":"middle","text":"12","name":"txtFrame","height":16,"fontSize":12,"font":"Microsoft YaHei","color":"#000000","align":"center"},"compId":29}]}]}]}]},{"type":"Panel","props":{"y":15,"x":22,"width":8,"var":"cursor","height":256},"compId":32,"child":[{"type":"Image","props":{"y":0,"x":3,"width":2,"skin":"comp/frame_line.png","height":256,"sizeGrid":"2,0,2,0"},"compId":33},{"type":"Image","props":{"y":3,"x":4,"skin":"comp/arrow_right.png","scaleY":0.5,"scaleX":0.5,"rotation":90,"pivotY":9,"pivotX":7},"compId":34}]}]}],"loadList":["comp/combobox.png","comp/button.png","comp/btn_play.png","comp/btn_stop.png","comp/checkbox.png","comp/btn_reset.png","comp/btn_save.png","comp/line3.png","comp/line4.png","comp/img_on.jpg","comp/img_select.jpg","comp/hscroll.png","comp/line2.png","comp/frame_bg.png","comp/ani_hit.png","comp/ani_effect.png","comp/ani_layout.png","comp/frame_line.png","comp/arrow_right.png"],"loadList3D":[]}