{"type":"Scene","props":{"y":0,"x":0,"width":1400,"runtime":"render-proce/stage/StagePanel.ts","height":900},"compId":2,"child":[{"type":"Panel","props":{"y":0,"x":0,"width":1400,"var":"tab1","height":900,"bgColor":"#1e1e1e"},"compId":120,"child":[{"type":"Panel","props":{"y":0,"x":275,"width":860,"var":"imagepanel","height":900},"compId":14,"child":[{"type":"Image","props":{"y":-30,"x":110,"var":"imgBG","skin":"scene.jpg"},"compId":29},{"type":"Panel","props":{"y":0,"x":0,"width":860,"var":"container","name":"container","height":590},"compId":37},{"type":"Image","props":{"y":0,"x":430,"width":1,"var":"coordinateX","skin":"comp/line1.png","height":590,"sizeGrid":"2,0,2,0"},"compId":218},{"type":"Image","props":{"y":515,"x":0,"width":860,"var":"coordinateY","skin":"comp/line2.png","height":1,"sizeGrid":"0,2,0,2"},"compId":219}]},{"type":"AniListPanel","props":{"var":"leftpanel","runtime":"render-proce/anilist/AniListPanel.ts"},"compId":283},{"type":"AttrPanel","props":{"y":0,"x":1135,"var":"rightpanel","runtime":"render-proce/attr/AttrPanel.ts"},"compId":284},{"type":"FramePanel","props":{"y":590,"x":275,"var":"framepanel","runtime":"render-proce/frame/FramePanel.ts"},"compId":285}]}],"animations":[{"nodes":[{"target":52,"keyframes":{"width":[{"value":12,"tweenMethod":"linearNone","tween":true,"target":52,"key":"width","index":0}]}},{"target":206,"keyframes":{"y":[{"value":33,"tweenMethod":"linearNone","tween":true,"target":206,"key":"y","index":0}],"var":[{"value":"listgradu","tweenMethod":"linearNone","tween":false,"target":206,"key":"var","index":0}],"top":[{"value":0,"tweenMethod":"linearNone","tween":true,"target":206,"key":"top","index":0}]}},{"target":223,"keyframes":{"y":[{"value":33,"tweenMethod":"linearNone","tween":true,"target":223,"key":"y","index":0}]}},{"target":109,"keyframes":{"y":[{"value":5,"tweenMethod":"linearNone","tween":true,"target":109,"key":"y","index":0}],"x":[{"value":137,"tweenMethod":"linearNone","tween":true,"target":109,"key":"x","index":0}]}},{"target":186,"keyframes":{"y":[{"value":7,"tweenMethod":"linearNone","tween":true,"target":186,"key":"y","index":0}],"x":[{"value":231,"tweenMethod":"linearNone","tween":true,"target":186,"key":"x","index":0}]}},{"target":116,"keyframes":{"y":[{"value":7,"tweenMethod":"linearNone","tween":true,"target":116,"key":"y","index":0}],"x":[{"value":102,"tweenMethod":"linearNone","tween":true,"target":116,"key":"x","index":0}]}},{"target":185,"keyframes":{"y":[{"value":4,"tweenMethod":"linearNone","tween":true,"target":185,"key":"y","index":0}],"x":[{"value":266,"tweenMethod":"linearNone","tween":true,"target":185,"key":"x","index":0}]}},{"target":187,"keyframes":{"y":[{"value":4,"tweenMethod":"linearNone","tween":true,"target":187,"key":"y","index":0}],"x":[{"value":350,"tweenMethod":"linearNone","tween":true,"target":187,"key":"x","index":0}]}},{"target":224,"keyframes":{"height":[{"value":245,"tweenMethod":"linearNone","tween":true,"target":224,"key":"height","index":0}]}}],"name":"ani1","id":1,"frameRate":24,"action":0},{"nodes":[],"name":"ani2","id":2,"frameRate":24,"action":0},{"nodes":[],"name":"ani3","id":3,"frameRate":24,"action":0}],"loadList":["scene.jpg","comp/line1.png","comp/line2.png","scene/AniListPanel.scene","scene/AttrPanel.scene","scene/FramePanel.scene"],"loadList3D":[]}